<?xml version="1.0" encoding="utf-16"?>
<soap:Envelope xmlns:xsi="http://www.w3.org/2001/XMLSchema-instance" xmlns:xsd="http://www.w3.org/2001/XMLSchema" xmlns:soap="http://schemas.xmlsoap.org/soap/envelope/">
  <soap:Header>
    <MessengerHeader xmlns="com.esendex.ems.soapinterface">
      <Username>string</Username>
      <Password>string</Password>
      <Account>string</Account>
    </MessengerHeader>
  </soap:Header>
  <soap:Body>
    <SendMessageBatch xmlns="com.esendex.ems.soapinterface">
      <messages>
        <messagesubmission>
          <originator>string</originator>
          <recipient>string</recipient>
          <body>string</body>
          <type>Text or Binary or SmartMessage or Unicode</type>
          <validityperiod>int</validityperiod>
        </messagesubmission>
        <messagesubmission>
          <originator>string</originator>
          <recipient>string</recipient>
          <body>string</body>
          <type>Text or Binary or SmartMessage or Unicode</type>
          <validityperiod>int</validityperiod>
        </messagesubmission>
      </messages>
    </SendMessageBatch>
  </soap:Body>
</soap:Envelope>
