<?xml version="1.0" encoding="utf-16"?>
<soap:Envelope xmlns:xsi="http://www.w3.org/2001/XMLSchema-instance" xmlns:xsd="http://www.w3.org/2001/XMLSchema" xmlns:soap="http://schemas.xmlsoap.org/soap/envelope/">
  <soap:Header>
    <MessengerHeader xmlns="com.esendex.ems.soapinterface">
      <Username>string</Username>
      <Password>string</Password>
      <Account>string</Account>
    </MessengerHeader>
  </soap:Header>
  <soap:Body>
    <UpdateGroup xmlns="com.esendex.ems.soapinterface">
      <group>
        <ID>string</ID>
        <Name>string</Name>
        <Description>string</Description>
        <GroupType>string</GroupType>
      </group>
      <memberIDs>
        <string>string</string>
        <string>string</string>
      </memberIDs>
    </UpdateGroup>
  </soap:Body>
</soap:Envelope>
