<?xml version="1.0" encoding="utf-16"?>
<soap:Envelope xmlns:xsi="http://www.w3.org/2001/XMLSchema-instance" xmlns:xsd="http://www.w3.org/2001/XMLSchema" xmlns:soap="http://schemas.xmlsoap.org/soap/envelope/">
  <soap:Body>
    <DefaultEvaluationSignup xmlns="com.esendex.ems.soapinterface">
      <firstName>string</firstName>
      <lastName>string</lastName>
      <companyName>string</companyName>
      <telephoneNumber>string</telephoneNumber>
      <mobileNumber>string</mobileNumber>
      <emailAddress>string</emailAddress>
      <mailingAgreement>boolean</mailingAgreement>
    </DefaultEvaluationSignup>
  </soap:Body>
</soap:Envelope>
