<?xml version="1.0" encoding="utf-16"?>
<soap:Envelope xmlns:xsi="http://www.w3.org/2001/XMLSchema-instance" xmlns:xsd="http://www.w3.org/2001/XMLSchema" xmlns:soap="http://schemas.xmlsoap.org/soap/envelope/">
  <soap:Header>
    <MessengerHeader xmlns="com.esendex.ems.soapinterface">
      <Username>string</Username>
      <Password>string</Password>
      <Account>string</Account>
    </MessengerHeader>
  </soap:Header>
  <soap:Body>
    <AddContacts xmlns="com.esendex.ems.soapinterface">
      <contacts>
        <Contact>
          <ID>string</ID>
          <QuickName>string</QuickName>
          <FirstName>string</FirstName>
          <LastName>string</LastName>
          <EmailAddress>string</EmailAddress>
          <TelephoneNumber>string</TelephoneNumber>
          <MobileNumber>string</MobileNumber>
          <StreetAddress1>string</StreetAddress1>
          <StreetAddress2>string</StreetAddress2>
          <Town>string</Town>
          <County>string</County>
          <Postcode>string</Postcode>
          <Country>string</Country>
	      <ContactType>string</ContactType>
        </Contact>
        <Contact>
          <ID>string</ID>
          <QuickName>string</QuickName>
          <FirstName>string</FirstName>
          <LastName>string</LastName>
          <EmailAddress>string</EmailAddress>
          <TelephoneNumber>string</TelephoneNumber>
          <MobileNumber>string</MobileNumber>
          <StreetAddress1>string</StreetAddress1>
          <StreetAddress2>string</StreetAddress2>
          <Town>string</Town>
          <County>string</County>
          <Postcode>string</Postcode>
          <Country>string</Country>
	      <ContactType>string</ContactType>
        </Contact>
      </contacts>
    </AddContacts>
  </soap:Body>
</soap:Envelope>
