<?xml version="1.0" encoding="utf-16"?>
<soap:Envelope xmlns:xsi="http://www.w3.org/2001/XMLSchema-instance" xmlns:xsd="http://www.w3.org/2001/XMLSchema" xmlns:soap="http://schemas.xmlsoap.org/soap/envelope/">
  <soap:Header>
    <MessengerHeader xmlns="com.esendex.ems.soapinterface">
      <Username>string</Username>
      <Password>string</Password>
      <Account>string</Account>
    </MessengerHeader>
  </soap:Header>
  <soap:Body>
    <DeleteGroup xmlns="com.esendex.ems.soapinterface">
      <id>string</id>
      <includeMembers>boolean</includeMembers>
    </DeleteGroup>
  </soap:Body>
</soap:Envelope>
